------------------------------------------------------------------------------------
--inserting data to the tables------------------------------------------------------
------------------------------------------------------------------------------------
use SocialNetwork
INSERT INTO NetworkUsers ( UserID, UserFirstName, UserLastName, Hometown, DateOfBirth, WorkPlace, ContactEmail) VALUES
(1,'Yuli','Edelstein','Afula','1985-06-02','Aeronautics Defense Systems Ltd','Yuli@Aeronautics.co.il'),(2,'Gilad','Erdan','Acrea','1984-05-01','Adallom','Gilad@Adallom.co.il'),
(3,'Yisrael','Katz','Arad','1986-07-03','Africa Israel Investments Ltd.','Yisrael@Africa.co.il'),
(4,'Miri','Regev','Ariel','1987-08-04','Ahava','Miri@Ahava.co.il'),
(5,'Silvan','Shalom','Bnei Brakh','1988-09-05','Airobotics','Silvan@Airobotics.co.il'),
(6,'Moshe','Yaalon','Arraba','1989-10-06','Aladdin Knowledge Systems Ltd.','Moshe@Aladdin.co.il'),(7,'Zeev','Elkin','Ashdod','1990-11-07','Allot Communications','Zeev@Communications.co.il'),(8,'Danny','Danon','Ashkelon','1991-12-08','Alvarion','Danny@Alvarion.co.il'),
(9,'Yariv','Levin','Dimona','1992-01-09','Am Oved','Yariv@AmOved.co.il'),
(10,'Benny','Begin','Bat Yam','1993-02-10','Amdocs','Benny@Amdocs.co.il'),
(11,'Tzachi','Hanegbi','Beershebae','1994-03-11','Amdocs','Tzachi@Amdocs.co.il'),(12,'Yuval','Steinitz','Eilat','1995-04-12','Apple','Yuval@Apple.co.il'),
(13,'Gila','Gamliel','Beit Shemesh','1996-05-13','Answers Corporation','Gila@Answers.co.il'),(14,'Ofir','Akunis','Tira','1997-06-14','Amdocs','Ofir@Amdocs.co.il'),
(15,'David','Bitan','Rishon LeZion','1998-07-15','Arava Power Company','David@Arava.co.il'),
(16,'Haim','Katz','Rosh HaAyin','1984-08-16','Aroma Espresso Bar','Haim@Aroma.co.il'),(17,'Jackie','Levy','Yavne','1985-09-17','AudioCodes','Jackie@AudioCodes.co.il'),
(18,'Yoav','Kisch','Yehud-Monosson','1986-10-18','Automotive Industries','Yoav@Automotive.co.il'),
(19,'Tzipi','Hotovely','Yokneam','1987-11-19','Azrieli Group','Tzipi@AzrieliGroup.co.il'),
(20,'Dudu','Amsalem','Givat Shmuel','1988-12-20','Babylon','Dudu@Babylon.co.il')

INSERT INTO Groups ( GroupID, GroupName, DateOfCreation, CreatorID) VALUES
(1,'Lets break a Guinness Record!','2016-04-22',11),
(2,'Six Degrees Of Separation','2016-04-14',12),
(3,'Feed a Child with just a Click!','2016-05-22',11),
(4,'We Will Not Pay To Use Facebook','2016-04-22',13),
(5,'Developers','2016-04-22',14),
(6,'All Facebook Users in one group','2016-06-22',11),
(7,'If you remember this you grew up in the 90s','2016-04-11',13),
(8,'I Dont care How Comfortable Crocs Are','2016-04-02',18),
(9,'Ultimate Social Experiment','2016-07-22',19),
(10,'The Largest Facebook Group Ever','2016-04-22',11),
(11,'Slow Walking People)','2016-04-12',11),
(12,'I Love to party','2016-08-28',11),
(13,'People who dislike George Bush!','2016-12-12',11)

INSERT INTO GroupMembership ( GroupID, UserID) VALUES
(1,1),	(11,11),	(8,1),	(5,11),	(2,1),	(12,11),
(2,2),	(12,12),	(9,2),	(6,12),	(3,2),	(13,12),
(3,3),	(13,13),	(10,3),	(7,13),	(4,3),	(1,13),
(4,4),	(1,14),	(11,4),	(8,14),	(5,4),	(2,14),
(5,5),	(2,15),	(12,5),	(9,15),	(6,5),	(3,15),
(6,6),	(3,16),	(13,6),	(10,16),	(7,6),	(4,16),
(7,7),	(4,17),	(1,7),	(11,17),	(8,7),	(5,17),
(8,8),	(5,18),	(2,8),	(12,18),	(9,8),	(6,18),
(9,9),	(6,19),	(3,9),	(13,19),	(10,9),	(7,19),
(10,10),	(7,20),	(4,10),	(1,20),	(11,10),	(8,20)


INSERT INTO UserMessages ( SenderID, ReceiverID, Msg_Subject, Msg_Body, Msg_Date) VALUES
(10,11,'empty ','you are my best friend ','2013-11-25'),
(10,11,'empty ','lets go to pub ','2013-11-25'),
(10,11,'empty ','hey man','2013-11-25'),
(10,11,'empty ','funny ','2013-11-25'),
(10,11,'empty ','whats up ','2013-11-25'),
(1,2,'upgrade ','Feed your guests without breaking the bank ','2013-11-25'),
(1,2,'just ','Where do all these toys go? ','2012-10-24'),
(1,2,'content ','Get more kitchen space with these easy fixes ','2011-09-23'),
(1,7,'go ','Stop wasting money on ink ','2010-08-22'),
(1,9,'wonderful ','Your beauty issues ','2010-08-22'),
(1,9,'upgrade ','Since we cant all win the lottery… ','2017-06-20'),
(1,9,'just ','How to Survive Your Next Overnight Flight ','2017-05-17'),
(1,15,'content ','Wanted: Cute and affordable fashions ','2016-04-17'),
(1,17,'go ','Stop wasting time on mindless work ','2015-03-17'),
(1,19,'wonderful ','Learn a language with only 5 minutes per day ','2014-02-16'),
(1,19,'upgrade ','How you can afford Your First 10 ','2010-08-22'),
(1,19,'just ','Hey ','2010-08-22'),
(1,19,'content ','The price dropped for something in your cart ','2016-11-13'),
(1,19,'go ','Mary ','2010-08-22'),
(2,9,'wonderful ','Im deleting your Envira account ','2014-09-11'),
(2,11,'upgrade ','Offering you my personal email ','2013-08-10'),
(2,13,'just ','Did you miss out on some of these new features? ','2012-07-09'),
(2,15,'content ','Good News: Your Pins price dropped! ','2011-06-08'),
(2,17,'go ','Unroll.Me has stopped working ','2010-05-07'),
(2,17,'wonderful ','We are not gonna Give Up on You! ','2017-04-06'),
(2,17,'upgrade ','Feed your guests without breaking the bank ','2017-03-05'),
(2,17,'just ','Where do all these toys go? ','2017-02-04'),
(2,17,'content ','Get more kitchen space with these easy fixes ','2016-01-03'),
(2,7,'go ','Stop wasting money on ink ','2015-12-02'),
(2,9,'wonderful ','Your beauty issues ','2010-08-22'),
(2,11,'upgrade ','Since we cant all win the lottery… ','2017-10-30'),
(2,13,'just ','How to Survive Your Next Overnight Flight ','2017-09-29'),
(2,13,'content ','Wanted: Cute and affordable fashions ','2016-08-28'),
(3,13,'go ','Stop wasting time on mindless work ','2015-07-27'),
(3,13,'wonderful ','Learn a language with only 5 minutes per day ','2014-06-26'),
(3,1,'upgrade ','How you can afford Your First 10 ','2010-08-22'),
(3,5,'content ','The price dropped for something in your cart ','2011-03-23'),
(3,7,'go ','Mary ','2010-08-22'),
(3,9,'wonderful ','Im deleting your Envira account ','2017-01-21'),
(3,11,'upgrade ','Offering you my personal email ','2017-12-20'),
(3,13,'just ','Did you miss out on some of these new features? ','2017-11-17'),
(3,13,'content ','Good News: Your Pins price dropped! ','2016-10-17'),
(3,13,'go ','Unroll.Me has stopped working ','2015-09-17'),
(3,13,'wonderful ','We are not gonna Give Up on You! ','2014-08-16'),
(3,13,'upgrade ','Feed your guests without breaking the bank ','2017-07-15'),
(3,4,'just ','Where do all these toys go? ','2017-06-14'),
(4,6,'content ','Get more kitchen space with these easy fixes ','2016-05-13'),
(4,8,'go ','Stop wasting money on ink ','2015-04-12'),
(4,10,'wonderful ','Your beauty issues ','2010-08-22'),
(4,12,' ',' ','2010-08-22'),
(4,12,'upgrade ','How to Survive Your Next Overnight Flight ','2012-01-09'),
(4,12,'just ','Wanted: Cute and affordable fashions ','2011-12-08'),
(4,12,'content ','Stop wasting time on mindless work ','2010-11-07'),
(4,12,'go ','Learn a language with only 5 minutes per day ','2017-10-06'),
(4,2,'wonderful ','How you can afford Your First 10 ','2010-08-22'),
(4,6,'special ','Your beauty issues ','2005-06-02'),
(4,8,'special ','Your beauty issues ','2005-06-02'),
(4,10,'special ','Your beauty issues ','2005-06-02'),
(4,12,'special ','Your beauty issues ','2005-06-02'),
(5,12,'special ','Your beauty issues ','2005-06-02'),
(5,12,'special ','Your beauty issues ','2005-06-02'),
(5,12,'special ','Your beauty issues ','2005-06-02'),
(5,12,'special ','Your beauty issues ','2005-06-02'),
(5,2,'special ','Your beauty issues ','2005-06-02'),
(5,4,'special ','Your beauty issues ','2005-06-02'),
(5,6,'special ','Your beauty issues ','2005-06-02'),
(5,8,'special ','Your beauty issues ','2005-06-02'),
(5,10,'special ','Your beauty issues ','2005-06-02'),
(5,12,'special ','Your beauty issues ','2005-06-02'),
(5,14,'special ','Your beauty issues ','2005-06-02'),
(5,16,'special ','Your beauty issues ','2005-06-02'),
(5,16,'special ','Your beauty issues ','2005-06-02'),
(5,16,'special ','Your beauty issues ','2005-06-02'),
(6,16,'special ','Your beauty issues ','2005-06-02'),
(6,16,'special ','Your beauty issues ','2005-06-02'),
(6,8,'special ','Your beauty issues ','2005-06-02'),
(6,10,'special ','Your beauty issues ','2005-06-02'),
(6,12,'special ','Your beauty issues ','2005-06-02'),
(6,14,'special ','Your beauty issues ','2005-06-02'),
(6,16,'special ','Your beauty issues ','2005-06-02'),
(6,18,'special ','Your beauty issues ','2005-06-02'),
(6,18,'special ','Your beauty issues ','2005-06-02'),
(6,18,'special ','Your beauty issues ','2005-06-02'),
(6,18,'special ','Your beauty issues ','2005-06-02'),
(6,18,'special ','Your beauty issues ','2005-06-02'),
(6,8,'do…? ','Feed your guests without breaking the bank ','2003-11-25'),
(7,10,'can…? ','Where do all these toys go? ','2002-10-24'),
(7,10,'may…? ','Get more kitchen space with these easy fixes ','2001-09-23'),
(7,10,'on orders over ','Stop wasting money on ink ','2000-08-22'),
(7,10,'orders over ','Your beauty issues ','2005-06-02'),
(7,10,'off selected ','Since we cant all win the lottery… ','2008-06-20'),
(7,20,'your next order ','How to Survive Your Next Overnight Flight ','2007-05-19'),
(7,1,'available ','Wanted: Cute and affordable fashions ','2006-04-18'),
(7,3,'brand new ','Stop wasting time on mindless work ','2005-03-17'),
(7,5,'latest ','Learn a language with only 5 minutes per day ','2004-02-16'),
(7,9,'wonderful ','Hey ','2005-06-02'),
(7,11,'great deals ','The price dropped for something in your cart ','2006-11-13'),
(7,13,'sale starts ','Mary ','2005-06-02'),
(7,13,'back in stock ','Im deleting your Envira account ','2004-09-11'),
(8,13,'stock ','Offering you my personal email ','2003-08-10'),
(8,13,'sale now ','Did you miss out on some of these new features? ','2002-07-09'),
(8,20,'now in ','Good News: Your Pins price dropped! ','2001-06-08'),
(8,3,'jokes ','Unroll.Me has stopped working ','2000-05-07'),
(8,5,'promotional ','We are not gonna Give Up on You! ','2009-04-06'),
(8,7,'congratulations ','Feed your guests without breaking the bank ','2008-03-05'),
(8,9,'revision ','Where do all these toys go? ','2007-02-04'),
(8,11,'forecast ','Get more kitchen space with these easy fixes ','2006-01-03'),
(8,11,'snapshot ','Stop wasting money on ink ','2005-12-02'),
(8,11,'token ','Your beauty issues ','2005-06-02'),
(8,11,'voluntary ','Since we cant all win the lottery… ','2008-10-30'),
(8,11,'monthly ','How to Survive Your Next Overnight Flight ','2007-09-29'),
(8,1,'congratulations ','Wanted: Cute and affordable fashions ','2006-08-28'),
(8,3,'revision ','Stop wasting time on mindless work ','2005-07-27'),
(9,5,'forecast ','Learn a language with only 5 minutes per day ','2004-06-26'),
(9,7,'snapshot ','How you can afford Your First 10 ','2005-06-02'),
(9,11,'voluntary ','The price dropped for something in your cart ','2001-03-23'),
(9,11,'monthly ','Mary ','2005-06-02'),
(9,11,'deduction ','Im deleting your Envira account ','2009-01-21'),
(9,11,'upgrade ','Offering you my personal email ','2008-12-20'),
(9,19,'just ','Did you miss out on some of these new features? ','2007-11-19'),
(9,20,'content ','Good News: Your Pins price dropped! ','2006-10-18'),
(9,3,'go ','Unroll.Me has stopped working ','2005-09-17'),
(9,5,'wonderful ','We are not gonna Give Up on You! ','2004-08-16'),
(9,7,'free delivery ','Feed your guests without breaking the bank ','2008-07-15'),
(9,11,'new ','Get more kitchen space with these easy fixes ','2006-05-13'),
(10,11,'alert ','Stop wasting money on ink ','2005-04-12'),
(10,11,'news ','Your beauty issues ','2005-06-02'),
(10,11,'update ','Since we cant all win the lottery… ','2003-02-10'),
(10,19,'summer ','How to Survive Your Next Overnight Flight ','2002-01-09'),
(10,2,'weekend ','Wanted: Cute and affordable fashions ','2001-12-08'),
(10,4,'introducing ','Stop wasting time on mindless work ','2000-11-07'),
(10,6,'celebrate ','Learn a language with only 5 minutes per day ','2009-10-06'),
(10,8,'buy ','How you can afford Your First 10 ','2005-06-02'),
(10,12,'get your ','The price dropped for something in your cart ','2006-07-03'),
(10,14,'what…? ','Mary ','2005-06-02'),
(10,16,'won’t…? ','Im deleting your Envira account ','2004-05-01'),
(10,16,'upgrade ','Feed your guests without breaking the bank ','2013-11-25'),
(10,16,'just ','Where do all these toys go? ','2012-10-24'),
(11,16,'content ','Get more kitchen space with these easy fixes ','2011-09-23'),
(11,16,'go ','Stop wasting money on ink ','2010-08-22'),
(11,9,'wonderful ','Your beauty issues ','2010-08-22'),
(11,13,'just ','How to Survive Your Next Overnight Flight ','2017-05-17'),
(11,15,'content ','Wanted: Cute and affordable fashions ','2016-04-17'),
(11,17,'go ','Stop wasting time on mindless work ','2015-03-17'),
(11,19,'wonderful ','Learn a language with only 5 minutes per day ','2014-02-16'),
(11,19,'upgrade ','How you can afford Your First 10 ','2010-08-22'),
(11,19,'just ','Hey ','2010-08-22'),
(11,19,'content ','The price dropped for something in your cart ','2016-11-13'),
(11,7,'go ','Mary ','2010-08-22'),
(11,9,'wonderful ','Im deleting your Envira account ','2014-09-11'),
(12,13,'just ','Did you miss out on some of these new features? ','2012-07-09'),
(12,13,'content ','Good News: Your Pins price dropped! ','2011-06-08'),
(12,13,'go ','Unroll.Me has stopped working ','2010-05-07'),
(12,13,'wonderful ','We are not gonna Give Up on You! ','2017-04-06'),
(12,13,'upgrade ','Feed your guests without breaking the bank ','2017-03-05'),
(12,3,'just ','Where do all these toys go? ','2017-02-04'),
(12,5,'content ','Get more kitchen space with these easy fixes ','2016-01-03'),
(12,7,'go ','Stop wasting money on ink ','2015-12-02'),
(12,9,'wonderful ','Your beauty issues ','2010-08-22'),
(12,11,'upgrade ','Since we cant all win the lottery… ','2017-10-30'),
(12,11,'just ','How to Survive Your Next Overnight Flight ','2017-09-29'),
(12,11,'content ','Wanted: Cute and affordable fashions ','2016-08-28'),
(12,11,'go ','Stop wasting time on mindless work ','2015-07-27'),
(12,19,'wonderful ','Learn a language with only 5 minutes per day ','2014-06-26'),
(13,1,'upgrade ','How you can afford Your First 10 ','2010-08-22'),
(13,3,'just ','Hey ','2010-08-22'),
(13,5,'content ','The price dropped for something in your cart ','2011-03-23'),
(13,7,'go ','Mary ','2010-08-22'),
(13,9,'wonderful ','Im deleting your Envira account ','2017-01-21'),
(13,11,'upgrade ','Offering you my personal email ','2017-12-20'),
(13,11,'just ','Did you miss out on some of these new features? ','2017-11-17'),
(13,15,'content ','Good News: Your Pins price dropped! ','2016-10-17'),
(13,17,'go ','Unroll.Me has stopped working ','2015-09-17'),
(13,19,'wonderful ','We are not gonna Give Up on You! ','2014-08-16'),
(13,2,'upgrade ','Feed your guests without breaking the bank ','2017-07-15'),
(13,4,'just ','Where do all these toys go? ','2017-06-14'),
(13,6,'content ','Get more kitchen space with these easy fixes ','2016-05-13'),
(13,8,'go ','Stop wasting money on ink ','2015-04-12'),
(14,10,'wonderful ','Your beauty issues ','2010-08-22'),
(14,10,' ',' ','2010-08-22'),
(14,10,'upgrade ','How to Survive Your Next Overnight Flight ','2012-01-09'),
(14,10,'just ','Wanted: Cute and affordable fashions ','2011-12-08'),
(14,10,'content ','Stop wasting time on mindless work ','2010-11-07'),
(14,10,'go ','Learn a language with only 5 minutes per day ','2017-10-06'),
(14,10,'wonderful ','How you can afford Your First 10 ','2010-08-22'),
(14,10,'special ','Your beauty issues ','2005-06-02'),
(14,6,'special ','Your beauty issues ','2005-06-02'),
(14,8,'special ','Your beauty issues ','2005-06-02'),
(14,10,'special ','Your beauty issues ','2005-06-02'),
(14,12,'special ','Your beauty issues ','2005-06-02'),
(14,16,'special ','Your beauty issues ','2005-06-02'),
(15,16,'special ','Your beauty issues ','2005-06-02'),
(15,16,'special ','Your beauty issues ','2005-06-02'),
(15,16,'special ','Your beauty issues ','2005-06-02'),
(15,4,'special ','Your beauty issues ','2005-06-02'),
(15,6,'special ','Your beauty issues ','2005-06-02'),
(15,8,'special ','Your beauty issues ','2005-06-02'),
(15,10,'special ','Your beauty issues ','2005-06-02'),
(15,12,'special ','Your beauty issues ','2005-06-02'),
(15,14,'special ','Your beauty issues ','2005-06-02'),
(15,16,'special ','Your beauty issues ','2005-06-02'),
(15,18,'special ','Your beauty issues ','2005-06-02'),
(15,20,'special ','Your beauty issues ','2005-06-02'),
(15,20,'special ','Your beauty issues ','2005-06-02'),
(15,20,'special ','Your beauty issues ','2005-06-02'),
(16,20,'special ','Your beauty issues ','2005-06-02'),
(16,8,'special ','Your beauty issues ','2005-06-02'),
(16,10,'special ','Your beauty issues ','2005-06-02'),
(16,12,'special ','Your beauty issues ','2005-06-02'),
(16,14,'special ','Your beauty issues ','2005-06-02'),
(16,18,'special ','Your beauty issues ','2005-06-02'),
(16,1,'special ','Your beauty issues ','2005-06-02'),
(16,2,'special ','Your beauty issues ','2005-06-02'),
(16,4,'special ','Your beauty issues ','2005-06-02'),
(16,6,'special ','Your beauty issues ','2005-06-02'),
(16,8,'do…? ','Feed your guests without breaking the bank ','2003-11-25'),
(16,10,'can…? ','Where do all these toys go? ','2002-10-24'),
(16,12,'may…? ','Get more kitchen space with these easy fixes ','2001-09-23'),
(17,12,'on orders over ','Stop wasting money on ink ','2000-08-22'),
(17,12,'orders over ','Your beauty issues ','2005-06-02'),
(17,12,'off selected ','Since we cant all win the lottery… ','2008-06-20'),
(17,12,'your next order ','How to Survive Your Next Overnight Flight ','2007-05-19'),
(17,1,'available ','Wanted: Cute and affordable fashions ','2006-04-18'),
(17,3,'brand new ','Stop wasting time on mindless work ','2005-03-17'),
(17,5,'latest ','Learn a language with only 5 minutes per day ','2004-02-16'),
(17,7,'special ','How you can afford Your First 10 ','2005-06-02'),
(17,9,'wonderful ','Hey ','2005-06-02'),
(17,11,'great deals ','The price dropped for something in your cart ','2006-11-13'),
(17,13,'sale starts ','Mary ','2005-06-02'),
(17,15,'back in stock ','Im deleting your Envira account ','2004-09-11'),
(17,19,'sale now ','Did you miss out on some of these new features? ','2002-07-09'),
(18,19,'now in ','Good News: Your Pins price dropped! ','2001-06-08'),
(18,19,'jokes ','Unroll.Me has stopped working ','2000-05-07'),
(18,19,'promotional ','We are not gonna Give Up on You! ','2009-04-06'),
(18,19,'congratulations ','Feed your guests without breaking the bank ','2008-03-05'),
(18,9,'revision ','Where do all these toys go? ','2007-02-04'),
(18,11,'forecast ','Get more kitchen space with these easy fixes ','2006-01-03'),
(18,13,'snapshot ','Stop wasting money on ink ','2005-12-02'),
(18,15,'token ','Your beauty issues ','2005-06-02'),
(18,17,'voluntary ','Since we cant all win the lottery… ','2008-10-30'),
(18,19,'monthly ','How to Survive Your Next Overnight Flight ','2007-09-29'),
(18,1,'congratulations ','Wanted: Cute and affordable fashions ','2006-08-28'),
(18,3,'revision ','Stop wasting time on mindless work ','2005-07-27'),
(18,5,'forecast ','Learn a language with only 5 minutes per day ','2004-06-26'),
(18,7,'snapshot ','How you can afford Your First 10 ','2005-06-02'),
(19,9,'token ','Hey ','2005-06-02'),
(19,11,'voluntary ','The price dropped for something in your cart ','2001-03-23'),
(19,13,'monthly ','Mary ','2005-06-02'),
(19,15,'deduction ','Im deleting your Envira account ','2009-01-21'),
(19,17,'upgrade ','Offering you my personal email ','2008-12-20'),
(19,20,'content ','Good News: Your Pins price dropped! ','2006-10-18'),
(19,3,'go ','Unroll.Me has stopped working ','2005-09-17'),
(19,5,'wonderful ','We are not gonna Give Up on You! ','2004-08-16'),
(19,7,'free delivery ','Feed your guests without breaking the bank ','2008-07-15'),
(19,9,'available ','Where do all these toys go? ','2007-06-14'),
(19,11,'new ','Get more kitchen space with these easy fixes ','2006-05-13'),
(20,13,'alert ','Stop wasting money on ink ','2005-04-12'),
(20,15,'news ','Your beauty issues ','2005-06-02'),
(20,17,'update ','Since we cant all win the lottery… ','2003-02-10'),
(20,19,'summer ','How to Survive Your Next Overnight Flight ','2002-01-09'),
(20,2,'weekend ','Wanted: Cute and affordable fashions ','2001-12-08'),
(20,2,'introducing ','Stop wasting time on mindless work ','2000-11-07'),
(20,2,'celebrate ','Learn a language with only 5 minutes per day ','2009-10-06'),
(20,2,'buy ','How you can afford Your First 10 ','2005-06-02'),
(20,2,'continues ','Hey ','2005-06-02'),
(20,2,'get your ','The price dropped for something in your cart ','2006-07-03'),
(20,14,'what…? ','Mary ','2005-06-02'),
(20,16,'won’t…? ','Im deleting your Envira account ','2004-05-01')



INSERT INTO Friendship ( UserID1, UserID2, Relationship) VALUES
(2,1,'marriage'),
(3,2,'marriage'),
(4,3,'marriage'),
(5,4,'marriage'),
(6,5,'marriage'),
(7,6,'marriage'),
(8,7,'marriage'),
(9,8,'marriage'),
(10,9,'marriage'),
(11,10,'marriage'),
(12,11,'marriage'),
(13,12,'marriage'),
(14,13,'marriage'),
(15,14,'marriage'),
(16,15,'marriage'),
(17,16,'marriage'),
(18,17,'marriage'),
(19,18,'marriage'),
(1,3,'sibling'),
(2,4,'sibling'),
(3,5,'sibling'),
(4,6,'sibling'),
(5,7,'sibling'),
(6,8,'sibling'),
(7,9,'sibling'),
(8,10,'sibling'),
(9,11,'sibling'),
(10,12,'sibling'),
(11,13,'sibling'),
(12,14,'sibling'),
(13,15,'sibling'),
(14,16,'sibling'),
(15,17,'sibling'),
(16,18,'sibling'),
(17,19,'sibling'),
(18,20,'sibling'),
(1,4,'colleague'),
(2,5,'colleague'),
(3,6,'colleague'),
(4,7,'colleague'),
(5,8,'colleague'),
(6,9,'colleague'),
(7,10,'colleague'),
(8,11,'colleague'),
(9,12,'colleague'),
(10,13,'colleague'),
(11,14,'colleague'),
(12,15,'colleague'),
(13,16,'colleague'),
(14,17,'colleague'),
(15,18,'colleague'),
(16,19,'colleague'),
(17,20,'colleague'),
(18,4,'colleague'),
(19,5,'colleague'),
(20,19,'colleague'),
(1,5,null),
(2,6,null),
(3,7,null),
(4,8,null),
(5,9,null),
(6,10,null),
(7,11,null),
(8,12,null),
(9,13,null),
(10,14,null),
(11,15,null),
(12,16,null),
(13,17,null),
(14,18,null),
(15,19,null),
(16,20,null),
(17,5,null),
(18,6,null),
(19,7,null),
(20,8,null),
(1,10,null),
(2,11,null),
(3,12,null),
(4,13,null),
(5,14,null),
(6,15,null),
(7,16,null),
(8,17,null),
(9,18,null),
(10,19,null),
(11,20,null),
(12,5,null),
(13,6,null),
(14,7,null),
(15,8,null),
(16,9,null),
(17,10,null),
(18,11,null),
(19,12,null),
(20,13,null)


INSERT INTO Publish (PublishID, UserID, DateOfPublish, PublishType) VALUES
(1,1,'2013-11-25','post'),	(101,1,'2012-01-09 ','pict'),	(201,9,'2012-04-24','post'),
(2,1,'2012-10-24','post'),	(102,2,'2011-12-08 ','pict'),	(202,9,'2011-03-23','post'),
(3,1,'2011-09-23','post'),	(103,3,'2010-11-07 ','pict'),	(203,10,'2010-02-22','post'),
(4,1,'2010-08-22','post'),	(104,4,'2017-10-06 ','pict'),	(204,10,'2017-01-21','post'),
(5,1,'2017-07-21','post'),	(105,5,'2017-09-05 ','pict'),	(205,10,'2017-12-20','post'),
(6,1,'2017-06-20','post'),	(106,6,'2017-08-04 ','pict'),	(206,10,'2017-11-17','post'),
(7,1,'2017-05-17','post'),	(107,7,'2016-07-03 ','pict'),	(207,10,'2016-10-17','post'),
(8,1,'2016-04-17','post'),	(108,8,'2015-06-02 ','pict'),	(208,10,'2015-09-17','post'),
(9,1,'2015-03-17','post'),	(109,9,'2013-11-25 ','pict'),	(209,10,'2014-08-16','post'),
(10,1,'2014-02-16','post'),	(110,10,'2012-10-24 ','pict'),	(210,10,'2017-07-15','post'),
(11,2,'2017-01-15','post'),	(111,11,'2011-09-23 ','pict'),	(211,10,'2017-06-14','post'),
(12,2,'2017-12-14','post'),	(112,12,'2010-08-22 ','pict'),	(212,10,'2016-05-13','post'),
(13,2,'2016-11-13','post'),	(113,13,'2017-07-21 ','pict'),	(213,10,'2015-04-12','post'),
(14,2,'2015-10-12','post'),	(114,14,'2017-06-20 ','pict'),	(214,10,'2014-03-11','post'),
(15,2,'2014-09-11','post'),	(115,15,'2017-05-17 ','pict'),	(215,11,'2013-02-10','post'),
(16,2,'2013-08-10','post'),	(116,16,'2016-04-17 ','pict'),	(216,11,'2012-01-09','post'),
(17,2,'2012-07-09','post'),	(117,17,'2015-03-17 ','pict'),	(217,11,'2011-12-08','post'),
(18,2,'2011-06-08','post'),	(118,18,'2014-02-16 ','pict'),	(218,11,'2010-11-07','post'),
(19,2,'2010-05-07','post'),	(119,19,'2017-01-15 ','pict'),	(219,11,'2017-10-06','post'),
(20,2,'2017-04-06','post'),	(120,20,'2017-12-14 ','pict'),	(220,11,'2017-07-21','post'),
(21,3,'2017-03-05','post'),	(121,1,'2016-11-13 ','pict'),	(221,11,'2017-06-20','post'),
(22,3,'2017-02-04','post'),	(122,2,'2015-10-12 ','pict'),	(222,11,'2017-05-17','post'),
(23,3,'2016-01-03','post'),	(123,3,'2014-09-11 ','pict'),	(223,11,'2016-04-17','post'),
(24,3,'2015-12-02','post'),	(124,4,'2013-08-10 ','pict'),	(224,11,'2015-03-17','post'),
(25,3,'2014-11-01','post'),	(125,5,'2012-07-09 ','pict'),	(225,11,'2014-02-16','post'),
(26,3,'2017-10-30','post'),	(126,6,'2011-06-08 ','pict'),	(226,11,'2017-01-15','post'),
(27,3,'2017-09-29','post'),	(127,7,'2010-05-07 ','pict'),	(227,11,'2017-12-14','post'),
(28,3,'2016-08-28','post'),	(128,8,'2017-04-06 ','pict'),	(228,12,'2016-11-13','post'),
(29,3,'2015-07-27','post'),	(129,9,'2017-03-05 ','pict'),	(229,12,'2015-10-12','post'),
(30,3,'2014-06-26','post'),	(130,10,'2017-02-04 ','pict'),	(230,12,'2014-09-11','post'),
(31,4,'2013-05-25','post'),	(131,11,'2016-01-03 ','pict'),	(231,12,'2013-08-10','post'),
(32,4,'2012-04-24','post'),	(132,12,'2015-12-02 ','pict'),	(232,12,'2012-07-09','post'),
(33,4,'2011-03-23','post'),	(133,13,'2014-11-01 ','pict'),	(233,12,'2011-06-08','post'),
(34,4,'2010-02-22','post'),	(134,14,'2017-10-30 ','pict'),	(234,12,'2010-05-07','post'),
(35,4,'2017-01-21','post'),	(135,15,'2017-09-29 ','pict'),	(235,12,'2017-04-06','post'),
(36,4,'2017-12-20','post'),	(136,16,'2016-08-28 ','pict'),	(236,12,'2017-03-05','post'),
(37,5,'2017-11-17','post'),	(137,17,'2015-07-27 ','pict'),	(237,13,'2017-02-04','post'),
(38,5,'2016-10-17','post'),	(138,18,'2014-06-26 ','pict'),	(238,13,'2016-01-03','post'),
(39,5,'2015-09-17','post'),	(139,19,'2013-05-25 ','pict'),	(239,13,'2015-12-02','post'),
(40,5,'2014-08-16','post'),	(140,20,'2012-04-24 ','pict'),	(240,13,'2014-11-01','post'),
(41,5,'2017-07-15','post'),	(141,1,'2011-03-23 ','pict'),	(241,14,'2017-10-30','post'),
(42,5,'2017-06-14','post'),	(142,2,'2010-02-22 ','pict'),	(242,14,'2017-09-29','post'),
(43,5,'2016-05-13','post'),	(143,3,'2017-01-21 ','pict'),	(243,14,'2016-08-28','post'),
(44,5,'2015-04-12','post'),	(144,4,'2017-12-20 ','pict'),	(244,14,'2015-07-27','post'),
(45,6,'2014-03-11','post'),	(145,5,'2017-11-17 ','pict'),	(245,14,'2014-06-26','post'),
(46,6,'2013-02-10','post'),	(146,6,'2016-10-17 ','pict'),	(246,14,'2013-05-25','post'),
(47,6,'2012-01-09','post'),	(147,7,'2015-09-17 ','pict'),	(247,14,'2012-04-24','post'),
(48,6,'2011-12-08','post'),	(148,8,'2014-08-16 ','pict'),	(248,15,'2011-03-23','post'),
(49,6,'2010-11-07','post'),	(149,9,'2017-07-15 ','pict'),	(249,15,'2010-02-22','post'),
(50,6,'2017-10-06','post'),	(150,10,'2017-06-14 ','pict'),	(250,15,'2017-01-21','post'),
(51,11,'2017-09-05 ','pict'),	(151,11,'2016-05-13 ','albu'),	(251,15,'2017-12-20','post'),
(52,12,'2017-08-04 ','pict'),	(152,12,'2015-04-12 ','albu'),	(252,15,'2017-11-17','post'),
(53,13,'2016-07-03 ','pict'),	(153,13,'2014-03-11 ','albu'),	(253,15,'2016-10-17','post'),
(54,14,'2015-06-02 ','pict'),	(154,14,'2013-02-10 ','albu'),	(254,15,'2015-09-17','post'),
(55,15,'2013-11-25 ','pict'),	(155,15,'2012-01-09 ','albu'),	(255,16,'2014-08-16','post'),
(56,16,'2012-10-24 ','pict'),	(156,16,'2011-12-08 ','albu'),	(256,16,'2017-07-15','post'),
(57,17,'2011-09-23 ','pict'),	(157,17,'2010-11-07 ','albu'),	(257,16,'2017-06-14','post'),
(58,18,'2010-08-22 ','pict'),	(158,18,'2017-10-06 ','albu'),	(258,16,'2016-05-13','post'),
(59,19,'2017-07-21 ','pict'),	(159,19,'2017-09-05 ','albu'),	(259,16,'2015-04-12','post'),
(60,20,'2017-06-20 ','pict'),	(160,20,'2017-08-04 ','albu'),	(260,16,'2014-03-11','post'),
(61,1,'2017-05-17 ','pict'),	(161,1,'2016-07-03 ','albu'),	(261,16,'2013-02-10','post'),
(62,2,'2016-04-17 ','pict'),	(162,2,'2015-06-02 ','albu'),	(262,16,'2012-01-09','post'),
(63,3,'2015-03-17 ','pict'),	(163,3,'2017-10-06 ','albu'),	(263,16,'2011-12-08','post'),
(64,4,'2014-02-16 ','pict'),	(164,4,'2017-09-05 ','albu'),	(264,16,'2010-11-07','post'),
(65,5,'2017-01-15 ','pict'),	(165,5,'2017-08-04 ','albu'),	(265,17,'2017-10-06','post'),
(66,6,'2017-12-14 ','pict'),	(166,7,'2012-01-09','post'),	(266,17,'2017-09-05','post'),
(67,7,'2016-11-13 ','pict'),	(167,7,'2011-12-08','post'),	(267,17,'2017-08-04','post'),
(68,8,'2015-10-12 ','pict'),	(168,7,'2010-11-07','post'),	(268,17,'2016-07-03','post'),
(69,9,'2014-09-11 ','pict'),	(169,7,'2017-10-06','post'),	(269,17,'2015-06-02','post'),
(70,10,'2013-08-10 ','pict'),	(170,7,'2013-11-25','post'),	(270,17,'2013-11-25','post'),
(71,11,'2012-07-09 ','pict'),	(171,7,'2012-10-24','post'),	(271,17,'2012-10-24','post'),
(72,12,'2011-06-08 ','pict'),	(172,7,'2011-09-23','post'),	(272,18,'2011-09-23','post'),
(73,13,'2010-05-07 ','pict'),	(173,7,'2010-08-22','post'),	(273,18,'2010-08-22','post'),
(74,14,'2017-04-06 ','pict'),	(174,7,'2017-07-21','post'),	(274,18,'2017-07-21','post'),
(75,15,'2017-03-05 ','pict'),	(175,7,'2017-06-20','post'),	(275,18,'2017-06-20','post'),
(76,16,'2017-02-04 ','pict'),	(176,7,'2017-05-17','post'),	(276,18,'2017-05-17','post'),
(77,17,'2016-01-03 ','pict'),	(177,7,'2016-04-17','post'),	(277,18,'2016-04-17','post'),
(78,18,'2015-12-02 ','pict'),	(178,7,'2015-03-17','post'),	(278,18,'2015-03-17','post'),
(79,19,'2014-11-01 ','pict'),	(179,7,'2014-02-16','post'),	(279,18,'2014-02-16','post'),
(80,20,'2017-10-30 ','pict'),	(180,7,'2017-01-15','post'),	(280,18,'2017-01-15','post'),
(81,1,'2017-09-29 ','pict'),	(181,7,'2017-12-14','post'),	(281,18,'2017-12-14','post'),
(82,2,'2016-08-28 ','pict'),	(182,7,'2016-11-13','post'),	(282,18,'2016-11-13','post'),
(83,3,'2015-07-27 ','pict'),	(183,8,'2015-10-12','post'),	(283,18,'2015-10-12','post'),
(84,4,'2014-06-26 ','pict'),	(184,8,'2014-09-11','post'),	(284,19,'2014-09-11','post'),
(85,5,'2013-05-25 ','pict'),	(185,8,'2013-08-10','post'),	(285,19,'2013-08-10','post'),
(86,6,'2012-04-24 ','pict'),	(186,8,'2012-07-09','post'),	(286,19,'2012-07-09','post'),
(87,7,'2011-03-23 ','pict'),	(187,8,'2011-06-08','post'),	(287,19,'2011-06-08','post'),
(88,8,'2010-02-22 ','pict'),	(188,8,'2010-05-07','post'),	(288,19,'2010-05-07','post'),
(89,9,'2017-01-21 ','pict'),	(189,8,'2017-04-06','post'),	(289,19,'2017-04-06','post'),
(90,10,'2017-12-20 ','pict'),	(190,8,'2017-03-05','post'),	(290,19,'2017-03-05','post'),
(91,11,'2017-11-17 ','pict'),	(191,8,'2017-02-04','post'),	(291,19,'2017-02-04','post'),
(92,12,'2016-10-17 ','pict'),	(192,9,'2016-01-03','post'),	(292,20,'2016-01-03','post'),
(93,13,'2015-09-17 ','pict'),	(193,9,'2015-12-02','post'),	(293,20,'2015-12-02','post'),
(94,14,'2014-08-16 ','pict'),	(194,9,'2014-11-01','post'),	(294,20,'2014-11-01','post'),
(95,15,'2017-07-15 ','pict'),	(195,9,'2017-10-30','post'),	(295,20,'2017-10-30','post'),
(96,16,'2017-06-14 ','pict'),	(196,9,'2017-09-29','post'),	(296,20,'2017-09-29','post'),
(97,17,'2016-05-13 ','pict'),	(197,9,'2016-08-28','post'),	(297,20,'2016-08-28','post'),
(98,18,'2015-04-12 ','pict'),	(198,9,'2015-07-27','post'),	(298,20,'2015-07-27','post'),
(99,19,'2014-03-11 ','pict'),	(199,9,'2014-06-26','post'),	(299,20,'2014-06-26','post'),
(100,20,'2013-02-10 ','pict'),	(200,9,'2013-05-25','post'),	(300,20,'2013-05-25','post')



INSERT INTO Picture (PictureID, PublishType, PictureType, PictureURL) VALUES
(51,'pict','po','https://socialnet.co.il/51.jpg'),
(52,'pict','po','https://socialnet.co.il/52.jpg'),
(53,'pict','po','https://socialnet.co.il/53.jpg'),
(54,'pict','po','https://socialnet.co.il/54.jpg'),
(55,'pict','po','https://socialnet.co.il/55.jpg'),
(56,'pict','po','https://socialnet.co.il/56.jpg'),
(57,'pict','po','https://socialnet.co.il/57.jpg'),
(58,'pict','po','https://socialnet.co.il/58.jpg'),
(59,'pict','po','https://socialnet.co.il/59.jpg'),
(60,'pict','po','https://socialnet.co.il/60.jpg'),
(61,'pict','no','https://socialnet.co.il/61.jpg'),
(62,'pict','no','https://socialnet.co.il/62.jpg'),
(63,'pict','no','https://socialnet.co.il/63.jpg'),
(64,'pict','no','https://socialnet.co.il/64.jpg'),
(65,'pict','no','https://socialnet.co.il/65.jpg'),
(66,'pict','no','https://socialnet.co.il/66.jpg'),
(67,'pict','no','https://socialnet.co.il/67.jpg'),
(68,'pict','no','https://socialnet.co.il/68.jpg'),
(69,'pict','no','https://socialnet.co.il/69.jpg'),
(70,'pict','no','https://socialnet.co.il/70.jpg'),
(71,'pict','al','https://socialnet.co.il/71.jpg'),
(72,'pict','al','https://socialnet.co.il/72.jpg'),
(73,'pict','al','https://socialnet.co.il/73.jpg'),
(74,'pict','al','https://socialnet.co.il/74.jpg'),
(75,'pict','al','https://socialnet.co.il/75.jpg'),
(76,'pict','al','https://socialnet.co.il/76.jpg'),
(77,'pict','al','https://socialnet.co.il/77.jpg'),
(78,'pict','al','https://socialnet.co.il/78.jpg'),
(79,'pict','al','https://socialnet.co.il/79.jpg'),
(80,'pict','al','https://socialnet.co.il/80.jpg'),
(81,'pict','al','https://socialnet.co.il/81.jpg'),
(82,'pict','al','https://socialnet.co.il/82.jpg'),
(83,'pict','al','https://socialnet.co.il/83.jpg'),
(84,'pict','al','https://socialnet.co.il/84.jpg'),
(85,'pict','al','https://socialnet.co.il/85.jpg'),
(86,'pict','al','https://socialnet.co.il/86.jpg'),
(87,'pict','al','https://socialnet.co.il/87.jpg'),
(88,'pict','al','https://socialnet.co.il/88.jpg'),
(89,'pict','al','https://socialnet.co.il/89.jpg'),
(90,'pict','al','https://socialnet.co.il/90.jpg'),
(91,'pict','al','https://socialnet.co.il/91.jpg'),
(92,'pict','al','https://socialnet.co.il/92.jpg'),
(93,'pict','al','https://socialnet.co.il/93.jpg'),
(94,'pict','al','https://socialnet.co.il/94.jpg'),
(95,'pict','al','https://socialnet.co.il/95.jpg'),
(96,'pict','al','https://socialnet.co.il/96.jpg'),
(97,'pict','al','https://socialnet.co.il/97.jpg'),
(98,'pict','al','https://socialnet.co.il/98.jpg'),
(99,'pict','al','https://socialnet.co.il/99.jpg'),
(100,'pict','al','https://socialnet.co.il/100.jpg'),
(101,'pict','al','https://socialnet.co.il/101.jpg'),
(102,'pict','al','https://socialnet.co.il/102.jpg'),
(103,'pict','al','https://socialnet.co.il/103.jpg'),
(104,'pict','al','https://socialnet.co.il/104.jpg'),
(105,'pict','al','https://socialnet.co.il/105.jpg'),
(106,'pict','al','https://socialnet.co.il/106.jpg'),
(107,'pict','al','https://socialnet.co.il/107.jpg'),
(108,'pict','al','https://socialnet.co.il/108.jpg'),
(109,'pict','al','https://socialnet.co.il/109.jpg'),
(110,'pict','al','https://socialnet.co.il/110.jpg'),
(111,'pict','al','https://socialnet.co.il/111.jpg'),
(112,'pict','al','https://socialnet.co.il/112.jpg'),
(113,'pict','al','https://socialnet.co.il/113.jpg'),
(114,'pict','al','https://socialnet.co.il/114.jpg'),
(115,'pict','al','https://socialnet.co.il/115.jpg'),
(116,'pict','al','https://socialnet.co.il/116.jpg'),
(117,'pict','al','https://socialnet.co.il/117.jpg'),
(118,'pict','al','https://socialnet.co.il/118.jpg'),
(119,'pict','al','https://socialnet.co.il/119.jpg'),
(120,'pict','al','https://socialnet.co.il/120.jpg'),
(121,'pict','al','https://socialnet.co.il/121.jpg'),
(122,'pict','al','https://socialnet.co.il/122.jpg'),
(123,'pict','al','https://socialnet.co.il/123.jpg'),
(124,'pict','al','https://socialnet.co.il/124.jpg'),
(125,'pict','al','https://socialnet.co.il/125.jpg'),
(126,'pict','al','https://socialnet.co.il/126.jpg'),
(127,'pict','al','https://socialnet.co.il/127.jpg'),
(128,'pict','al','https://socialnet.co.il/128.jpg'),
(129,'pict','al','https://socialnet.co.il/129.jpg'),
(130,'pict','al','https://socialnet.co.il/130.jpg'),
(131,'pict','al','https://socialnet.co.il/131.jpg'),
(132,'pict','al','https://socialnet.co.il/132.jpg'),
(133,'pict','al','https://socialnet.co.il/133.jpg'),
(134,'pict','al','https://socialnet.co.il/134.jpg'),
(135,'pict','al','https://socialnet.co.il/135.jpg'),
(136,'pict','al','https://socialnet.co.il/136.jpg'),
(137,'pict','al','https://socialnet.co.il/137.jpg'),
(138,'pict','al','https://socialnet.co.il/138.jpg'),
(139,'pict','al','https://socialnet.co.il/139.jpg'),
(140,'pict','al','https://socialnet.co.il/140.jpg'),
(141,'pict','al','https://socialnet.co.il/141.jpg'),
(142,'pict','al','https://socialnet.co.il/142.jpg'),
(143,'pict','al','https://socialnet.co.il/143.jpg'),
(144,'pict','al','https://socialnet.co.il/144.jpg'),
(145,'pict','al','https://socialnet.co.il/145.jpg'),
(146,'pict','al','https://socialnet.co.il/146.jpg'),
(147,'pict','al','https://socialnet.co.il/147.jpg'),
(148,'pict','al','https://socialnet.co.il/148.jpg'),
(149,'pict','al','https://socialnet.co.il/149.jpg'),
(150,'pict','al','https://socialnet.co.il/150.jpg')

INSERT INTO Post (PostID, PublishType, PictureType, PictureID, PostText) VALUES
(1,'post','po',51,'Waze (/weɪz/), (formerly FreeMap Israel) is a GPS navigation software that works on smartphones and tablets with GPS support and provides turn-by-turn navigation information and user-submitted travel times and route details, while downloading location-dependent information over a mobile telephone network. '),				
(2,'post','po',52,'Waze describes its app as a community-driven GPS navigation app, which is free to download and use. '),				
(3,'post','po',53,'The app was first developed and popularized by Waze Mobile, an Israeli company founded by Ehud Shabtai, Amir Shinar and Uri Levine, funded by two Israeli venture capital firms, Magma and Vertex, and an early-stage American venture capital firm Bluerun Ventures.'),				
(4,'post','po',54,'Waze won the Best Overall App award at the 2013 Mobile World Congress, beating Dropbox, Flipboard and others.[1]'),				
(5,'post','po',55,'Waze supports Android and iPhone, while Symbian, BlackBerry 10 (except BlackBerry Q10),[2] Windows Phone 8[3] and Windows Mobile from version 5 [4] were deprecated.'),				
(6,'post','po',56,'Waze Mobile was acquired in 2013 by Google.'),				
(7,'post','po',57,' In July 2013 Waze said they planned to support both iPhone and Android, and would consider supporting new platforms.'),				
(8,'post','po',58,'Waze collects map data, travel times and traffic information from users and transmits it to the Waze server, at no cost to Waze.[10] Users can report accidents, traffic jams, speed and police traps, and, from the online map editor, can update roads, landmarks, house numbers, etc. '),				
(9,'post','po',59,'As older platforms (Symbian, WM, BlackBerry) do not support either a full native UI or other application programming interfaces they rely on,they claimed they could not support them any more, although existing versions would continue to work.'),				
(10,'post','po',60,'Currently only 13 countries have a full base map, the others are incompletely mapped. As of 2013 Waze has a complete base map for the United States, Canada, United Kingdom, France, Germany, Italy, Netherlands, Belgium, Israel (claimed to be the best map for that country[6]), South Africa,[7] Colombia, Ecuador, Chile and Panama, but the company has plans to complete maps for other countries in Europe and elsewhere.[8][9]'),				
(11,'post',null,null,'Waze sends anonymous information, including users speed and location, back to its database to improve the service as a whole.'),				
(12,'post',null,null,'Based on the information collected, Waze is then in a position to provide routing and real-time traffic updates. '),				
(13,'post',null,null,'Waze can also identify the cheapest fuel station near a user or along their route, provided Waze has enabled fuel prices for that country.'),				
(14,'post',null,null,'Currently only 13 countries have a full base map, the others are incompletely mapped, requiring users to record roads and edit maps.'),				
(15,'post',null,null,'Waze can be used anywhere in the world but requires enough initial users to create the maps and continuously update data to make it useful.'),				
(16,'post',null,null,'Waze offers turn-by-turn voice navigation, real-time traffic, and other location-specific alerts. '),				
(17,'post',null,null,'Waze encourages users to report traffic or road hazards by offering points.[11] Add-ons expand the functions and personalize this interaction with the app. For example, add-ons can integrate Foursquare and Facebook friends to Waze or notify the user when driving through a high-crime area.[12]'),				
(18,'post',null,null,'Interaction with government'),				
(19,'post',null,null,'Waze invented and initiated the connected citizens program (CCP), a free data sharing program used by over 200 governments, departments of transportation and municipalities for traffic analysis, road planning and emergency work force dispatching.'),				
(20,'post',null,null,'Rio was also talking to the owners of cycling app Strava to monitor movements of cyclists.'),				
(21,'post',null,null,'It was noted that though initially the data the apps were sharing was all anonymous, more specific identifying details were possible, if people agreed to being monitored through their smartphones if they saw benefits for them.'),				
(22,'post',null,null,'Waze both contributes to government data and also collects government data to use.'),				
(23,'post',null,null,'In 2014, Rio de Janeiro starting collecting data for its traffic management system. Rio collects real-time data both from drivers who use the Waze navigation app and pedestrians who use the public-transportation app Moovit.'),				
(24,'post',null,null,'Criticism'),				
(25,'post',null,null,'Concerns have been expressed that the app located on smartphones can be used to monitor movements by identifiable individuals'),				
(26,'post',null,null,'Some road-safety advocates have voiced concern over the prospect of more drivers using Waze, which they say has the potential to distract them with a flurry of icons and notifications and put them at greater risk of an accident'),				
(27,'post',null,null,'In March 2014, a successful attempt was made by students from Technion-Israel Institute of Technology to fake a traffic jam'),				
(28,'post',null,null,'In December 2014, in a letter sent to Google, Los Angeles Police Department Chief Charlie Beck complained about the police locator feature, claiming it could be "misused by those with criminal intent to endanger police officers and the community". '),				
(29,'post',null,null,'Users are able to mark the presence of an officer with a small icon and indicate if the officer is visible or hidden. '),				
(30,'post',null,null,'The LAPD, among other police agencies, pressured Google to disable the feature on the application.'),				
(31,'post',null,null,'It was alleged that Ismaaiyl Brinsley, who shot and killed two NYPD officers that month in retaliation for the police killings of Eric Garner and Michael Brown, had used the Waze app prior to the murders and had posted a screenshot from the app on his Instagram account hours before the shootings.'),				
(32,'post',null,null,'Google states that knowing the whereabouts of an officer promotes safer driving'),				
(33,'post',null,null,'Patents and licensing'),				
(34,'post',null,null,'Waze Mobile Ltd holds several patents'),				
(35,'post',null,null,'U.S. Patent 7,936,284. System and method for parking time estimations. Issued May 3, 2011'),				
(36,'post',null,null,'U.S. Patent 8,271,057. Condition-based activation, shut-down and management of applications of mobile devices. Issued September 18, 2012'),				
(37,'post',null,null,'The Waze v2.x software was distributed under GNU General Public License v2, which did not extend to map data'),				
(38,'post',null,null,'U.S. Patent 8,612,136. System and method for road map creation. Issued December 17, 2013, with priority date of August 27, 2008. This patent was mentioned in the class action suit filed in 2014.'),				
(39,'post',null,null,'FreeMap[21] data was not published under open content licenses even before the shift to Waze project.'),				
(40,'post',null,null,' Ehud Shabtai who initiated and developed Freemap and Waze continuously insisted to crowdsource data without using external sources or projects like OpenStreetMap that would restrict commercialization of the Waze map data'),				
(41,'post',null,null,' The last open source client version for the iPhone and Android is 2.4.0.0, and for Windows Mobile 2.0.'),				
(42,'post',null,null,'A class action suit was filed in March 2014 by accountant Roey Gorodish against Waze, claiming intellectual property violation for the use of open-source FreeMap map and code from the open-source RoadMap software,[26] a project that Ehud Shabtai had contributed for the Windows PocketPC version in 2006'),				
(43,'post',null,null,'Starting with Waze v3 the application was rewritten and as such switched to a proprietary license.'),				
(44,'post',null,null,'The lawsuit was dismissed on March 5, 2017 with a clear cut decision that there was no basis for a class action suit in this case.'),				
(45,'post',null,null,'In 2006, "FreeMap Israel" was a project founded and developed by Ehud Shabtai as a community project, which aimed to create, with the crowd sourcing assistance of community users, a free digital database of the map of Israel in Hebrew, and to ensure its free content, update and distribution.'),				
(46,'post',null,null,'In 2010, the company raised $25 million in the second round of funding.'),				
(47,'post',null,null,'In 2011, the company, which planned to monetize through location-based advertising and to expand into Asia, raised an additional $30 million in financing.[37]'),				
(48,'post',null,null,'In December 2011, Waze employed 80 people, composed of 70 at Raanana, Israel and 10 in Palo Alto, California'),				
(49,'post',null,null,'In 2011 the app was updated to display real-time, community-curated points of interest, including local events such as street fairs and protests.[38]'),				
(50,'post',null,null,'As of January 2012, the app had been downloaded 12 million times worldwide.[37][39] In July 2012 Waze announced that it had reached 20 million users, half of them recruited in the previous six months.[40] According to Yahoo! there were nearly 50 million Waze users as of June 2013.'),				
(166,'post',null,null,'Waze (/weɪz/), (form'),		(216,'post',null,null,' telephone network. '),	(266,'post',null,null,'They Are Night Pictures! They Have Come Back From Earth!! Ahhhh!'),	
(167,'post',null,null,'Waze describes its a'),		(217,'post',null,null,'o download and use. '),	(267,'post',null,null,'Fun - It is the Most Fun a Girl Can Have'),	
(168,'post',null,null,'The app was first de'),		(218,'post',null,null,'rm Bluerun Ventures.'),	(268,'post',null,null,'You Think I Aint Worth A Heart But I Feel Like A Million Pictures'),	
(169,'post',null,null,'Waze won the Best Ov'),		(219,'post',null,null,'board and others.[1]'),	(269,'post',null,null,'Like a Lovely Heart'),	
(170,'post',null,null,'Waze supports Androi'),		(220,'post',null,null,'[4] were deprecated.'),	(270,'post',null,null,'My Heart Sounds Better With You'),	
(171,'post',null,null,'Waze Mobile was acqu'),		(221,'post',null,null,'d in 2013 by Google.'),	(271,'post',null,null,'Another Heart in the Wall'),	
(172,'post',null,null,' In July 2013 Waze s'),		(222,'post',null,null,'rting new platforms.'),	(272,'post',null,null,'You Think I Aint Worth A Heart But I Feel Like A Million Pictures'),	
(173,'post',null,null,'Waze collects map da'),		(223,'post',null,null,'house numbers, etc. '),	(273,'post',null,null,'Great Balls of Pictures'),	
(174,'post',null,null,'As older platforms ('),		(224,'post',null,null,'ld continue to work.'),	(274,'post',null,null,'Stairway to Pictures'),	
(175,'post',null,null,'Currently only 13 co'),		(225,'post',null,null,'and elsewhere.[8][9]'),	(275,'post',null,null,'Living on a Heart'),	
(176,'post',null,null,'Waze sends anonymous'),		(226,'post',null,null,' service as a whole.'),	(276,'post',null,null,'Every Heart You Take'),	
(177,'post',null,null,'Based on the informa'),		(227,'post',null,null,'me traffic updates. '),	(277,'post',null,null,'Heart Autopsy'),	
(178,'post',null,null,'Waze can also identi'),		(228,'post',null,null,'es for that country.'),	(278,'post',null,null,'Lovely Rhapsody'),	
(179,'post',null,null,'Currently only 13 co'),		(229,'post',null,null,'roads and edit maps.'),	(279,'post',null,null,'Sweet Heart O Mine'),	
(180,'post',null,null,'Waze can be used any'),		(230,'post',null,null,'a to make it useful.'),	(280,'post',null,null,'Fun? I Jolly Well Wont Fun'),	
(181,'post',null,null,'Waze offers turn-by-'),		(231,'post',null,null,'on-specific alerts. '),	(281,'post',null,null,'They Are Night Pictures! They Have Come Back From Earth!! Ahhhh!'),	
(182,'post',null,null,'Waze encourages user'),		(232,'post',null,null,'high-crime area.[12]'),	(282,'post',null,null,'Fun - It is the Most Fun a Girl Can Have'),	
(183,'post',null,null,'Interaction with gov'),		(233,'post',null,null,'tion with government'),	(283,'post',null,null,'You Think I Aint Worth A Heart But I Feel Like A Million Pictures'),	
(184,'post',null,null,'Waze invented and in'),		(234,'post',null,null,'k force dispatching.'),	(284,'post',null,null,'Like a Lovely Heart'),	
(185,'post',null,null,'Rio was also talking'),		(235,'post',null,null,'vements of cyclists.'),	(285,'post',null,null,'My Heart Sounds Better With You'),	
(186,'post',null,null,'It was noted that th'),		(236,'post',null,null,'w benefits for them.'),	(286,'post',null,null,'Another Heart in the Wall'),	
(187,'post',null,null,'Waze both contribute'),		(237,'post',null,null,'ernment data to use.'),	(287,'post',null,null,'You Think I Aint Worth A Heart But I Feel Like A Million Pictures'),	
(188,'post',null,null,'In 2014, Rio de Jane'),		(238,'post',null,null,'ortation app Moovit.'),	(288,'post',null,null,'Great Balls of Pictures'),	
(189,'post',null,null,'Criticism'),		(239,'post',null,null,'Criticism'),	(289,'post',null,null,'Stairway to Pictures'),	
(190,'post',null,null,'Concerns have been e'),		(240,'post',null,null,'tifiable individuals'),	(290,'post',null,null,'Living on a Heart'),	
(191,'post',null,null,'Some road-safety adv'),		(241,'post',null,null,' risk of an accident'),	(291,'post',null,null,'Every Heart You Take'),	
(192,'post',null,null,'In March 2014, a suc'),		(242,'post',null,null,'o fake a traffic jam'),	(292,'post',null,null,'Heart Autopsy'),	
(193,'post',null,null,'In December 2014, in'),		(243,'post',null,null,'and the community". '),	(293,'post',null,null,'Lovely Rhapsody'),	
(194,'post',null,null,'Users are able to ma'),		(244,'post',null,null,' visible or hidden. '),	(294,'post',null,null,'Sweet Heart O Mine'),	
(195,'post',null,null,'The LAPD, among othe'),		(245,'post',null,null,' on the application.'),	(295,'post',null,null,'Fun? I Jolly Well Wont Fun'),	
(196,'post',null,null,'It was alleged that '),		(246,'post',null,null,'efore the shootings.'),	(296,'post',null,null,'They Are Night Pictures! They Have Come Back From Earth!! Ahhhh!'),	
(197,'post',null,null,'Google states that k'),		(247,'post',null,null,'omotes safer driving'),	(297,'post',null,null,'Fun - It is the Most Fun a Girl Can Have'),	
(198,'post',null,null,'Patents and licensin'),		(248,'post',null,null,'atents and licensing'),	(298,'post',null,null,'You Think I Aint Worth A Heart But I Feel Like A Million Pictures'),	
(199,'post',null,null,'Waze Mobile Ltd hold'),		(249,'post',null,null,'olds several patents'),	(299,'post',null,null,'Feed your guests without breaking the bank'),	
(200,'post',null,null,'U.S. Patent 7,936,28'),		(250,'post',null,null,'. Issued May 3, 2011'),	(300,'post',null,null,'Where do all these toys go?'),	
(201,'post',null,null,'U.S. Patent 8,271,05'),		(251,'post',null,null,'d September 18, 2012'),		
(202,'post',null,null,'The Waze v2.x softwa'),		(252,'post',null,null,'t extend to map data'),		
(203,'post',null,null,'U.S. Patent 8,612,13'),		(253,'post',null,null,' suit filed in 2014.'),		
(204,'post',null,null,'FreeMap[21] data was'),		(254,'post',null,null,'Like a Lovely Heart'),		
(205,'post',null,null,' Ehud Shabtai who in'),		(255,'post',null,null,'My Heart Sounds Better With You'),		
(206,'post',null,null,' The last open sourc'),		(256,'post',null,null,'Another Heart in the Wall'),		
(207,'post',null,null,'A class action suit '),		(257,'post',null,null,'You Think I Aint Worth A Heart But I Feel Like A Million Pictures'),		
(208,'post',null,null,'Starting with Waze v'),		(258,'post',null,null,'Great Balls of Pictures'),		
(209,'post',null,null,'The lawsuit was dism'),		(259,'post',null,null,'Stairway to Pictures'),		
(210,'post',null,null,'In 2006, "FreeMap Is'),		(260,'post',null,null,'Living on a Heart'),		
(211,'post',null,null,'In 2010, the company'),		(261,'post',null,null,'Every Heart You Take'),		
(212,'post',null,null,'In 2011, the company'),		(262,'post',null,null,'Heart Autopsy'),		
(213,'post',null,null,'In December 2011, Wa'),		(263,'post',null,null,'Lovely Rhapsody'),		
(214,'post',null,null,'In 2011 the app was '),		(264,'post',null,null,'Sweet Heart O Mine'),		
(215,'post',null,null,'As of January 2012, '),		(265,'post',null,null,'Fun? I Jolly Well Wont Fun')		


INSERT INTO Album(AlbumID, AlbumName, AlbumDescription) VALUES
(151,'Wonderful Pictures','Like a Lovely Heart'),
(152,'Your Pictures','My Heart Sounds Better With You'),
(153,'Wonderful Album','Another Heart in the Wall'),
(154,'Born Wonderful','You Think I Aint Worth A Heart But I Feel Like A Million Pictures'),
(155,'Youve Lost That','Great Balls of Pictures'),
(156,'Yearning for Pictures','Stairway to Pictures'),
(157,'Pictures in My Album','Living on a Heart'),
(158,'Every Album You Take','Every Heart You Take'),
(159,'Careful With That Heart','Heart Autopsy'),
(160,'Enter Album','Lets Run Away to Party and Swim With Pictures'),
(161,'Gonna Make You Shot','Sweet Heart O Mine'),
(162,'I Shot in Your Arms','Fun? I Jolly Well Wont Fun'),
(163,'Run Away','They Are Night Pictures! They Have Come Back From Earth!! Ahhhh!'),
(164,'Nice Weather For Pictures','Fun - It is the Most Fun a Girl Can Have'),
(165,'Album Rhapsody','You Think I Aint Worth A Heart But I Feel Like A Million Pictures')

INSERT INTO AlbumPictures(AlbumID, PictureID) VALUES
(151,71),	(160,80),	(159,94),	(160,110),	(161,126),
(152,72),	(161,81),	(160,95),	(161,111),	(162,127),
(153,73),	(162,82),	(161,96),	(162,112),	(163,128),
(154,74),	(163,83),	(162,97),	(163,113),	(164,129),
(155,75),	(164,84),	(163,98),	(164,114),	(165,130),
(156,76),	(165,85),	(164,99),	(165,115),	(151,131),
(157,77),	(151,86),	(165,100),	(151,116),	(152,132),
(158,78),	(152,87),	(151,101),	(152,117),	(153,133),
(159,79),	(153,88),	(152,102),	(153,118),	(154,134),
(160,140),	(154,89),	(153,103),	(154,119),	(155,135),
(161,141),	(155,90),	(154,104),	(155,120),	(156,136),
(162,142),	(156,91),	(155,105),	(156,121),	(157,137),
(163,143),	(157,92),	(156,106),	(157,122),	(158,138),
(164,144),	(158,93),	(157,107),	(158,123),	(159,139),
(165,145),	(151,146),	(158,108),	(159,124),	(153,148),
(154,149),	(152,147),	(159,109),	(160,125),	(155,150)


INSERT INTO Likes (PublishID,UserID) VALUES
(1,2),	(40,4),	(88,12),	(143,3),	(185,3),	(218,8),	(259,3),
(1,9),	(41,2),	(89,7),	(143,5),	(185,8),	(218,11),	(259,8),
(2,10),	(41,11),	(89,1),	(144,8),	(185,9),	(219,9),	(260,9),
(2,5),	(41,3),	(90,7),	(144,10),	(186,10),	(219,12),	(220,10),
(3,7),	(42,12),	(90,9),	(145,2),	(186,11),	(219,7),	(261,11),
(3,9),	(42,13),	(91,10),	(145,11),	(186,13),	(215,13),	(261,12),
(4,10),	(42,10),	(91,2),	(146,3),	(187,8),	(220,8),	(262,7),
(4,11),	(42,2),	(92,8),	(146,12),	(187,12),	(220,1),	(221,13),
(5,12),	(43,1),	(92,11),	(147,13),	(187,7),	(221,9),	(263,8),
(5,7),	(43,2),	(93,3),	(147,1),	(188,13),	(216,10),	(263,1),
(5,13),	(44,7),	(93,4),	(148,2),	(188,8),	(221,2),	(264,9),
(6,8),	(44,3),	(94,9),	(149,7),	(188,1),	(222,7),	(221,10),
(6,13),	(44,8),	(94,12),	(150,3),	(189,9),	(222,11),	(265,2),
(6,9),	(45,4),	(95,5),	(151,8),	(189,10),	(222,3),	(265,11),
(7,1),	(45,9),	(95,13),	(151,4),	(189,2),	(223,8),	(266,3),
(7,10),	(46,10),	(96,4),	(152,9),	(190,11),	(223,11),	(266,12),
(7,11),	(46,5),	(96,6),	(152,10),	(190,3),	(223,3),	(267,4),
(7,2),	(47,11),	(97,1),	(153,5),	(190,12),	(224,12),	(267,2),
(8,12),	(47,6),	(97,7),	(153,11),	(191,4),	(224,4),	(268,4),
(8,3),	(47,12),	(98,2),	(154,6),	(191,13),	(224,9),	(268,6),
(8,13),	(48,7),	(98,8),	(154,4),	(191,5),	(216,13),	(269,7),
(9,11),	(49,13),	(99,3),	(155,6),	(192,1),	(225,5),	(222,13),
(9,6),	(49,8),	(99,6),	(155,9),	(192,6),	(225,1),	(270,5),
(9,8),	(49,1),	(100,9),	(156,12),	(192,2),	(226,6),	(270,1),
(10,13),	(50,9),	(101,4),	(156,7),	(193,7),	(226,2),	(271,6),
(10,1),	(50,10),	(102,10),	(157,13),	(193,3),	(226,7),	(271,2),
(10,2),	(50,2),	(103,5),	(157,8),	(193,8),	(227,3),	(272,7),
(11,7),	(51,11),	(103,7),	(158,1),	(194,1),	(227,7),	(272,3),
(11,3),	(51,3),	(104,13),	(158,9),	(194,9),	(227,8),	(273,8),
(11,8),	(51,7),	(104,4),	(159,10),	(194,4),	(228,4),	(273,4),
(12,4),	(52,11),	(105,8),	(159,2),	(195,9),	(228,8),	(274,9),
(12,9),	(52,3),	(105,11),	(160,11),	(195,10),	(228,9),	(221,12),
(12,10),	(52,12),	(106,6),	(160,3),	(195,5),	(217,10),	(275,5),
(13,5),	(53,4),	(106,8),	(161,12),	(196,11),	(229,5),	(275,11),
(13,11),	(53,13),	(107,12),	(161,4),	(196,6),	(229,9),	(276,6),
(14,6),	(53,5),	(107,7),	(162,13),	(196,12),	(230,11),	(276,12),
(14,12),	(54,1),	(108,9),	(162,5),	(197,7),	(230,6),	(277,7),
(15,7),	(54,6),	(108,13),	(163,1),	(197,13),	(230,12),	(223,13),
(15,13),	(54,2),	(109,7),	(163,6),	(197,8),	(231,7),	(278,8),
(16,8),	(55,7),	(110,8),	(164,2),	(198,1),	(217,13),	(278,1),
(16,1),	(55,3),	(111,1),	(164,7),	(198,9),	(231,8),	(279,9),
(16,9),	(56,8),	(112,8),	(165,3),	(198,10),	(232,12),	(279,3),
(17,12),	(56,12),	(112,9),	(165,8),	(199,2),	(232,7),	(280,5),
(17,7),	(57,4),	(113,10),	(166,1),	(199,11),	(232,1),	(280,8),
(17,9),	(57,8),	(113,2),	(166,9),	(199,3),	(233,7),	(222,10),
(18,10),	(58,13),	(114,9),	(166,10),	(200,12),	(233,9),	(281,2),
(18,2),	(58,5),	(114,11),	(167,5),	(200,13),	(218,10),	(282,11),
(18,11),	(59,9),	(115,3),	(167,7),	(200,10),	(234,2),	(282,3),
(19,3),	(59,1),	(115,12),	(167,9),	(201,2),	(234,8),	(283,12),
(19,12),	(60,6),	(116,4),	(168,10),	(201,1),	(234,11),	(224,13),
(20,4),	(60,10),	(116,13),	(168,11),	(201,3),	(235,3),	(284,1),
(20,13),	(61,2),	(117,5),	(168,12),	(202,7),	(235,4),	(284,2),
(21,5),	(62,2),	(117,1),	(169,7),	(202,3),	(235,9),	(285,7),
(21,1),	(63,7),	(118,6),	(169,13),	(202,8),	(236,12),	(285,3),
(22,6),	(64,3),	(118,2),	(169,8),	(203,4),	(236,5),	(286,8),
(22,2),	(64,8),	(119,7),	(170,13),	(203,9),	(218,13),	(286,4),
(23,7),	(65,7),	(119,1),	(170,9),	(203,10),	(237,4),	(287,9),
(23,3),	(65,9),	(120,5),	(170,1),	(204,5),	(237,6),	(223,10),
(24,8),	(66,10),	(120,9),	(171,10),	(204,11),	(238,1),	(288,5),
(24,9),	(66,8),	(121,3),	(171,11),	(204,6),	(238,7),	(288,11),
(25,10),	(67,11),	(121,8),	(171,2),	(205,12),	(239,2),	(289,6),
(25,11),	(67,9),	(122,9),	(172,12),	(205,7),	(239,8),	(289,4),
(26,13),	(68,12),	(122,10),	(172,3),	(205,13),	(240,3),	(224,10),
(26,8),	(68,7),	(123,11),	(172,13),	(206,8),	(240,6),	(225,10),
(27,12),	(69,13),	(123,12),	(173,11),	(206,1),	(241,9),	(229,10),
(27,7),	(69,8),	(124,7),	(173,6),	(206,9),	(241,4),	(233,10),
(28,13),	(70,1),	(124,13),	(173,8),	(207,10),	(218,12),	(242,10),
(28,8),	(70,9),	(125,8),	(174,13),	(207,2),	(242,5),	(251,10),
(28,1),	(71,10),	(125,1),	(174,1),	(207,11),	(243,7),	(260,10),
(29,9),	(71,2),	(126,9),	(174,2),	(208,3),	(219,13),	(264,10),
(29,10),	(72,7),	(126,10),	(175,7),	(208,7),	(244,4),	(274,10),
(29,2),	(72,11),	(127,2),	(175,3),	(208,11),	(244,8),	(281,10),
(30,11),	(73,3),	(128,11),	(175,8),	(209,3),	(245,11),	(287,10),
(30,3),	(73,8),	(129,3),	(176,4),	(209,12),	(245,6),	(226,4),
(30,12),	(74,11),	(130,12),	(176,9),	(209,4),	(246,8),	(227,4),
(31,4),	(74,3),	(130,4),	(176,10),	(210,13),	(246,12),	(296,4),
(31,13),	(75,12),	(131,2),	(177,5),	(210,5),	(247,7),	(225,13),
(32,5),	(75,4),	(131,4),	(177,11),	(210,1),	(247,9),	(297,5),
(32,1),	(76,9),	(132,6),	(177,6),	(211,6),	(220,13),	(225,16),
(33,6),	(76,13),	(132,7),	(178,12),	(211,2),	(248,7),	(226,13),
(33,2),	(77,5),	(133,13),	(178,7),	(211,7),	(249,8),	(227,13),
(34,7),	(77,1),	(133,5),	(178,13),	(212,3),	(249,1),	(231,13),
(34,3),	(78,6),	(134,1),	(179,8),	(212,8),	(250,8),	(236,13),
(34,8),	(78,2),	(134,6),	(179,1),	(212,12),	(250,9),	(243,13),
(35,1),	(79,7),	(135,2),	(179,9),	(213,4),	(219,10),	(248,13),
(35,9),	(79,3),	(135,7),	(180,12),	(213,8),	(251,2),	(254,13),
(35,4),	(80,7),	(136,3),	(180,7),	(213,13),	(252,9),	(262,13),
(36,9),	(80,8),	(136,8),	(180,9),	(214,5),	(252,11),	(269,13),
(36,10),	(81,4),	(137,4),	(181,10),	(214,9),	(253,3),	(277,13),
(36,5),	(81,8),	(137,9),	(181,2),	(214,1),	(253,12),	(283,13),
(37,11),	(82,9),	(138,10),	(181,11),	(215,6),	(254,4),	(297,13),
(37,6),	(83,10),	(138,5),	(182,3),	(215,10),	(220,16),	(300,2),
(38,12),	(84,5),	(139,11),	(182,12),	(215,2),	(255,5),	(300,11),
(38,7),	(85,9),	(139,6),	(182,4),	(216,2),	(255,1),	(300,3),
(39,13),	(85,11),	(140,12),	(183,13),	(216,7),	(256,6),	(300,12),
(39,8),	(86,6),	(140,7),	(183,5),	(216,3),	(256,2),	(300,4),
(40,1),	(86,12),	(141,13),	(183,1),	(217,8),	(257,7),	(300,13),
(40,9),	(87,7),	(141,8),	(184,6),	(217,7),	(257,1),	(300,5),
	(87,13),	(142,1),	(184,2),	(217,9),	(258,5),	(300,1),
	(88,8),	(142,9),	(184,7),	(215,12),	(258,9),	(300,6),
						(300,7)




INSERT INTO tags (PictureID,UserID) VALUES
(51,1),	(76,12),	(89,2),	(102,2),	(114,7),	(128,5),	(143,5),
(52,9),	(76,4),	(89,11),	(102,4),	(115,1),	(128,1),	(143,8),
(53,10),	(77,13),	(89,3),	(102,7),	(115,7),	(129,6),	(143,10),
(54,5),	(77,5),	(90,12),	(102,3),	(115,9),	(129,2),	(144,2),
(55,7),	(77,1),	(90,13),	(103,8),	(115,10),	(129,7),	(144,11),
(56,9),	(77,6),	(90,10),	(103,7),	(116,2),	(129,1),	(144,3),
(57,10),	(78,2),	(91,2),	(103,9),	(116,8),	(130,5),	(145,12),
(58,11),	(78,7),	(91,1),	(103,10),	(116,11),	(130,9),	(145,13),
(59,12),	(78,3),	(91,4),	(104,8),	(116,3),	(130,3),	(145,1),
(60,7),	(78,8),	(91,7),	(104,11),	(117,4),	(130,8),	(146,2),
(61,13),	(79,9),	(92,3),	(104,9),	(117,9),	(131,19),	(146,7),
(62,8),	(79,10),	(92,8),	(104,12),	(117,12),	(131,10),	(146,3),
(63,13),	(79,11),	(92,4),	(105,7),	(117,5),	(131,11),	(147,8),
(64,9),	(79,13),	(92,9),	(105,13),	(118,13),	(131,12),	(147,4),
(65,1),	(80,8),	(93,10),	(105,8),	(118,4),	(132,7),	(147,9),
(66,10),	(80,12),	(93,5),	(105,1),	(118,6),	(132,13),	(148,10),
(67,11),	(80,7),	(93,11),	(106,9),	(118,1),	(132,8),	(148,5),
(68,2),	(81,13),	(93,6),	(106,10),	(119,7),	(132,1),	(148,11),
(68,12),	(81,8),	(94,12),	(106,2),	(119,2),	(133,9),	(149,6),
(68,3),	(81,1),	(94,7),	(106,7),	(119,8),	(133,10),	(149,4),
(69,13),	(81,9),	(94,13),	(107,11),	(119,3),	(133,2),	(149,5),
(69,11),	(82,10),	(94,8),	(107,3),	(120,6),	(133,11),	(149,9),
(69,6),	(82,2),	(95,1),	(107,8),	(120,9),	(134,3),	(150,12),
(69,8),	(82,11),	(95,9),	(107,15),	(120,4),	(134,12),	(150,7),
(70,13),	(82,3),	(95,10),	(108,3),	(120,10),	(134,4),	(150,13),
(70,1),	(83,12),	(95,2),	(108,12),	(121,5),	(134,2),	(150,8),
(70,2),	(83,4),	(96,11),	(108,4),	(121,7),	(135,18),	
(70,7),	(83,13),	(96,3),	(108,9),	(121,13),	(135,6),	
(71,3),	(83,5),	(96,7),	(109,13),	(121,4),	(135,7),	
(71,8),	(84,1),	(96,12),	(109,5),	(122,8),	(135,13),	
(71,4),	(84,6),	(97,4),	(109,1),	(122,11),	(136,5),	
(71,9),	(84,2),	(97,12),	(109,6),	(122,6),	(136,1),	
(72,10),	(84,7),	(97,5),	(110,2),	(122,9),	(136,6),	
(72,5),	(85,3),	(97,13),	(110,7),	(123,12),	(137,2),	
(72,11),	(85,8),	(98,5),	(110,3),	(123,7),	(137,7),	
(72,6),	(85,1),	(98,1),	(111,5),	(123,9),	(138,3),	
(73,12),	(85,9),	(98,6),	(111,8),	(124,13),	(138,8),	
(73,7),	(86,4),	(98,2),	(111,4),	(124,7),	(138,4),	
(73,13),	(86,5),	(99,7),	(111,6),	(124,8),	(139,9),	
(73,8),	(86,10),	(99,3),	(112,9),	(125,1),	(139,10),	
(74,1),	(86,6),	(99,8),	(112,10),	(125,5),	(139,5),	
(74,9),	(87,11),	(99,12),	(112,5),	(125,9),	(140,11),	
(74,12),	(87,6),	(100,4),	(112,7),	(126,10),	(140,6),	
(75,7),	(87,12),	(100,8),	(113,11),	(126,2),	(140,12),	
(75,9),	(87,7),	(100,13),	(113,6),	(127,5),	(141,7),	
(75,10),	(88,13),	(100,5),	(113,12),	(127,11),	(141,13),	
(75,2),	(88,8),	(101,9),	(113,7),	(127,3),	(141,8),	
(76,11),	(88,1),	(101,1),	(114,13),	(127,12),	(142,1),	
(76,3),	(88,9),	(101,6),	(114,8),	(128,4),	(142,9)	
